{"train_loss": 1.8155839443206787, "train_acc": 55.03651202749141, "_timestamp": 1721666113.0557315, "_runtime": 82.1085774898529, "_step": 154, "val_loss": 1.5125223016738891, "val_acc": 66.38584667228307, "_wandb": {"runtime": 81}}