{"train_loss": 1.45285964012146, "train_acc": 57.517182130584196, "_timestamp": 1721666440.1630485, "_runtime": 322.66042947769165, "_step": 154, "val_loss": 1.0694836340347926, "val_acc": 69.41870261162595, "_wandb": {"runtime": 322}}