{"train_loss": 3.7664897441864014, "train_acc": 24.935165975103736, "_timestamp": 1721665964.144854, "_runtime": 29.34632706642151, "_step": 55, "val_loss": 3.843802353541056, "val_acc": 23.16764953664701, "_wandb": {"runtime": 29}}