{"train_loss": 1.8389437198638916, "train_acc": 61.82768924302789, "_timestamp": 1721666723.3284233, "_runtime": 109.815345287323, "_step": 211, "val_loss": 1.3420364165306091, "val_acc": 68.28138163437237}