{"train_loss": 0.34446433186531067, "train_acc": 92.09621993127148, "_timestamp": 1721669032.6268973, "_runtime": 2419.113819360733, "_step": 4649, "val_loss": 0.8671148669719696, "val_acc": 77.75905644481887, "_wandb": {"runtime": 2418}}