{"train_loss": 1.1355626583099365, "train_acc": 66.88218390804597, "_timestamp": 1721666567.9955502, "_runtime": 122.18829107284546, "_step": 238, "val_loss": 0.7443729528147756, "val_acc": 78.68813070639116, "_wandb": {"runtime": 121}}